naics,mean_eigenvalue,median_eigenvalue,mean_var_explained,median_var_explained,mean_peers,n_obs,naics_name
483112,1.5697043845415088,1.576682427019426,0.7817376994442832,0.785212875360865,2.0,9526,Deep Sea Passenger Transportation
513322,1.550583486530931,1.5733398089702622,0.7722151887286978,0.7835481985149522,2.0,210,Unknown
21211,1.6347923499364678,1.5508385069279587,0.7385723370869912,0.7331737731592665,2.2158602920125965,3493,Unknown
311615,1.4774624833542433,1.5533433982247344,0.7357997684958633,0.7735896685603341,2.0,4912,Poultry Processing
561510,1.4158432727889454,1.3569887326015884,0.6917655975070697,0.6617794463094365,2.041866028708134,20064,Travel Agencies
325311,1.3531063045367402,1.338426605819481,0.6723391362635327,0.6660942551163579,2.0060975609756095,1804,Nitrogenous Fertilizer Manufacturing
212230,1.3440205799564344,1.3456976003005887,0.6693435824783036,0.670178765229063,2.0,3376,"Copper, Nickel, Lead, and Zinc Mining"
322211,1.3160261707479608,1.2947462197212445,0.6554019223367821,0.6448041689484769,2.0,2016,Corrugated and Solid Fiber Box Manufacturing
713110,1.3132907394370033,1.308639336921089,0.6540396341243806,0.6517231618396695,2.0,2496,Amusement and Theme Parks
441330,1.4569428095799903,1.4030847645541848,0.6530740231998389,0.6399533453265778,2.240875071963155,17370,Automotive Parts and Accessories Retailers
531130,1.792286523575093,1.6657527121464035,0.6455399482310523,0.6182701047265786,2.770792582740005,25562,Lessors of Miniwarehouses and Self-Storage Units
337214,1.282849388924406,1.2873096153069363,0.6388793583730672,0.6411006219088116,2.0,11956,Office Furniture (except Wood) Manufacturing
812210,1.29965174625369,1.2858858006179321,0.6382648967299513,0.6371330937958968,2.039203084832905,9336,Funeral Homes and Funeral Services
336612,1.2707072427936852,1.1940267389604657,0.6328323768674902,0.5946442688076923,2.0,5004,Boat Building
325193,1.2630704109607909,1.2441020415454873,0.6289689794888532,0.6195659528904953,2.0002602980412574,15367,Ethyl Alcohol Manufacturing
331210,1.2585473972792134,1.2475294335795062,0.6267765807878622,0.6212894599770955,2.0,3276,Iron and Steel Pipe and Tube Manufacturing from Purchased Steel
711212,1.2339554859195954,1.228672809421942,0.612606722217078,0.6111273428196016,2.0080440304826417,9448,Racetracks
321911,1.2188488310698602,1.2150788161111392,0.6070060646796328,0.6051285373886826,2.0,2226,Wood Window and Door Manufacturing
517312,1.2688868453865665,1.232086662189104,0.6055903265078202,0.5725195430985115,2.1082589285714284,1792,Unknown
326211,1.2104027857993704,1.2002533868353618,0.6027998000707181,0.5977452382850712,2.0,6835,Tire Manufacturing (except Retreading)
561621,1.210315241485114,1.2288055981477277,0.6027562016126262,0.6119646927283325,2.0,480,Security Systems Services (except Locksmiths)
532111,1.238422268062067,1.2212414112214418,0.6021805234069635,0.5922814669400606,2.0682119205298015,4530,Passenger Car Rental
311230,1.207200971761414,1.1875365497186277,0.6012052458573709,0.5914120515463801,2.0,6057,Breakfast Cereal Manufacturing
451211,1.2259613897412278,1.2793733966172836,0.5996048024756068,0.6360837840797626,2.0543478260869565,4600,Unknown
111339,1.2021162731907549,1.198065066810741,0.5986729852596815,0.5966554201775716,2.0,2234,Other Noncitrus Fruit Farming
621492,1.192307562790453,1.1925857486393305,0.5937880917865153,0.5939266327549049,2.0,2022,Kidney Dialysis Centers
457110,1.2794182344459,1.279043928549189,0.5929572585626237,0.6100853643402918,2.182854311199207,6054,Gasoline Stations with Convenience Stores
339930,1.26116735202397,1.2395985523665405,0.5928431981368237,0.5883639928384354,2.149642312653923,17054,"Doll, Toy, and Game Manufacturing"
212220,1.2524855346194874,1.2746625695957832,0.5918051464113523,0.6343038275966862,2.156456953642384,2416,Gold Ore and Silver Ore Mining
321991,1.1808089132645727,1.1835124653224365,0.5880615818043805,0.5894079936427215,2.0,2494,Manufactured Home (Mobile Home) Manufacturing
336360,1.1684242317787021,1.087219457287233,0.5818938138421712,0.541452547180745,2.0,3262,Motor Vehicle Seating and Interior Trim Manufacturing
441222,1.1616721001033934,1.09764762023206,0.578531145091174,0.5466459378536648,2.0,3727,Boat Dealers
327420,1.212139821483595,1.201650265067117,0.5777766148150068,0.5791005445574601,2.110828729281768,9050,Gypsum Product Manufacturing
331410,1.1598054426966367,1.155568959964442,0.5776015200731265,0.575491684426736,2.0,1089,Nonferrous Metal (except Aluminum) Smelting and Refining
423310,1.1820104107368392,1.1343888435701839,0.5746321762367609,0.5577848228097042,2.073128264654672,5169,"Lumber, Plywood, Millwork, and Wood Panel Merchant Wholesalers"
314110,1.1537899344561477,1.1044523805245123,0.5745709877196659,0.5500060219641696,2.0001707650273226,5856,Carpet and Rug Mills
541810,1.3328835042060312,1.231071089130921,0.5733787074398625,0.5506517775263645,2.394750985309925,44656,Advertising Agencies
337110,1.141765468549128,1.1196372177346385,0.5686173265988713,0.5575971064511792,2.0,341,Wood Kitchen Cabinet and Countertop Manufacturing
424410,1.1402122574970754,1.139579814717721,0.5678438028408055,0.5675288362979127,2.0,57,General Line Grocery Merchant Wholesalers
336213,1.1389251293703784,1.1094521193024933,0.5672027926031051,0.5525247657637417,2.0,1272,Motor Home Manufacturing
334111,1.1388032968008317,1.1042131707053349,0.5671421180496206,0.5499156862044426,2.0,35412,Electronic Computer Manufacturing
212111,1.1387402670696014,1.1218966955312335,0.5671107282429959,0.5587223622586104,2.0,1486,Unknown
483113,1.1382909725469441,1.1382909725469441,0.5668869724390536,0.5668869724390536,2.0,3,Coastal and Great Lakes Freight Transportation
622310,1.1350489522610954,1.1446910506476746,0.5652723948760614,0.5700743129217586,2.0,3226,Specialty (except Psychiatric and Substance Abuse) Hospitals
451110,1.1342814816620366,1.1297401155924298,0.5648901823356571,0.5626285099478172,2.0,596,Unknown
336110,1.3016212965321003,1.2631857775658213,0.5629687602984375,0.5694196072641,2.353203568532036,12330,Automobile and Light Duty Motor Vehicle Manufacturing
523110,1.12921079583233,1.0912389116230803,0.5602403717190247,0.5424304323424882,2.0088665278264637,48497,Unknown
336999,1.1249360212374113,1.1203102862073981,0.560235994703552,0.5579323052342399,2.0,4256,All Other Transportation Equipment Manufacturing
333923,1.1244139944946043,1.0744655621156551,0.5599760170994954,0.5351009049425187,2.0,7541,"Overhead Traveling Crane, Hoist, and Monorail System Manufacturing"
333249,1.1237650267414927,1.1161580239841946,0.5596528208573703,0.5558644127381605,2.0,771,Unknown
422210,1.1232413959439271,1.1250904900086651,0.5593920444085828,0.5603129226035217,2.0,81,Unknown
454113,1.117673932166105,1.0841016541787178,0.5566193590747864,0.5398998317437661,2.0,1568,Unknown
456110,1.117553635716778,1.0756930699200309,0.5565594495335541,0.5357122233133487,2.0,3117,Pharmacies and Drug Retailers
237990,1.11195977695186,1.107822490516916,0.5537736190772161,0.5517131847614005,2.0,4251,Other Heavy and Civil Engineering Construction
621512,1.1110959673954204,1.1045218184569885,0.5533434282068462,0.5500693976839368,2.0,852,Diagnostic Imaging Centers
515112,1.1094419821650154,1.0702070455208836,0.5525197173083707,0.532980096082821,2.0,1722,Unknown
812331,1.1511677444167234,1.1443080127383036,0.5524474723337683,0.5593222592197455,2.1105593690667446,13694,Linen Supply
327320,1.1066626505264945,1.1108047630978621,0.5511355660360122,0.5531984038443719,2.0,1288,Ready-Mix Concrete Manufacturing
312140,1.1057349959180456,1.0737744032904597,0.5506735793163283,0.5347566968767964,2.0,2535,Distilleries
237130,1.105243228916064,1.0823872754143173,0.550428671543516,0.5390460439067333,2.0,10320,Power and Communication Line and Related Structures Construction
517210,1.1604192941132825,1.1540260952806545,0.5502762190875715,0.5451861750815208,2.131241084165478,3505,Unknown
562111,1.534384523919455,1.4687994978359957,0.5485827175146041,0.5775521205881109,3.0065862081241765,56178,Solid Waste Collection
313210,1.1004739012005131,1.1016977931745786,0.5480534706375572,0.5486629882674985,2.0,6360,Broadwoven Fabric Mills
442299,1.0996391215029762,1.0998822070470933,0.5476377370977124,0.5477587975571835,2.0,2450,Unknown
532490,1.0994303295942744,1.0575132414502388,0.5475337554130216,0.5266583801666863,2.0,3775,Other Commercial and Industrial Machinery and Equipment Rental and Leasing
334417,1.0981662420214124,1.07484429293584,0.5469042197368542,0.5352895189025711,2.0,11743,Electronic Connector Manufacturing
333315,1.0965034438796633,1.0854487613953592,0.5460761198686418,0.540570712520308,2.0,1028,Unknown
4841,1.0948633098572886,1.0938002644287308,0.5452593070916258,0.5447298935944671,2.0,2896,Unknown
31621,1.0947450228587843,1.082572742483928,0.5452003982887994,0.5391384094513211,2.0,4909,Unknown
447110,1.094650410306778,1.0774935025803791,0.5451532797361136,0.5366088673564984,2.0,1567,Unknown
522310,1.0936120060658059,1.0864705950184084,0.5446361379415025,0.5410796018841677,2.0,4545,Mortgage and Nonmortgage Loan Brokers
444110,1.2212206174649995,1.1780266195230116,0.5445602442752812,0.5394982181773404,2.3038051919236744,18028,Home Centers
424120,1.092354677771945,1.053573452861263,0.5440099684935679,0.5246963029130497,2.0,1175,Stationery and Office Supplies Merchant Wholesalers
311611,1.1104804515440032,1.0852879250741954,0.5438204898088164,0.5365419340991463,2.0461176984864213,18301,Animal (except Poultry) Slaughtering
237310,1.0903114851047924,1.0665129279076229,0.5429924261136962,0.5311403668746294,2.0,3419,"Highway, Street, and Bridge Construction"
611430,1.0900598327034223,1.0823936391881877,0.5428670992233314,0.5390492131671331,2.0,8532,Professional and Management Development Training
4244,1.5778933136037248,1.589103708131675,0.5422426875510273,0.5374653516113437,2.942138745834596,13204,Unknown
513110,1.127944911224877,1.1157238749036977,0.5415026667281464,0.5424547469134265,2.099938968568813,6554,Newspaper Publishers
31142,1.0979789017066472,1.0958181248753647,0.5414507065928869,0.5445066725085614,2.027826855123675,4528,Unknown
3253,1.0852972910835437,1.0886642274329046,0.5404952779007332,0.542172065646149,2.0,3171,Unknown
524127,1.4544135572252748,1.3968895217566089,0.5396730368808074,0.5354961909906029,2.737055181329523,29394,Direct Title Insurance Carriers
611699,1.0832852236621486,1.0824134695266385,0.5394932363873002,0.5390590889904491,2.0,746,All Other Miscellaneous Schools and Instruction
713940,1.2043412555205373,1.1732616026323925,0.5394215049299528,0.5448629943189406,2.2593503300116473,7727,Fitness and Recreational Sports Centers
451120,1.0831365241865936,1.0809322592189476,0.5394191816881646,0.5383214227459442,2.0,575,Unknown
541890,1.0823433935279292,1.0921466638540827,0.5390241900307742,0.5439063742606642,2.0,4932,Other Services Related to Advertising
311821,1.082215546058674,1.0736081869952292,0.5389605199617602,0.5346739185234177,2.0,3387,Cookie and Cracker Manufacturing
321992,1.0812850529872133,1.0567494264348536,0.5384971196424415,0.5262779881649766,2.0,6296,Prefabricated Wood Building Manufacturing
511120,1.0876292925873665,1.0532681233232168,0.5382025546067898,0.5236028354210294,2.016228748068006,10352,Unknown
335929,1.0799641859438953,1.0664323956834252,0.5378393068887257,0.5311002605486899,2.0,467,Other Communication and Energy Wire Manufacturing
532120,1.079340098286486,1.0688650412136962,0.5375285013291826,0.5323117566361861,2.0,5032,"Truck, Utility Trailer, and RV (Recreational Vehicle) Rental and Leasing"
3363,1.078601222581633,1.0789965098146008,0.5371605294999799,0.5373573888163985,2.0,212,Unknown
3162,1.0784465906003489,1.0654672997999,0.5370835203188246,0.5306196274797119,2.0,8153,Unknown
333517,1.0784157116840767,1.0706062566879222,0.5370681421283795,0.5331789095806913,2.0,3771,Machine Tool Manufacturing
325320,1.078137668271606,1.0647931527402354,0.5369296720955815,0.5302838915432523,2.0,5192,Pesticide and Other Agricultural Chemical Manufacturing
512110,1.0776365993368595,1.0606604082893631,0.5366801318126027,0.5282257192075996,2.0,29700,Motion Picture and Video Production
327993,1.076849105090987,1.0635984447050606,0.5362879471782495,0.5296889079781155,2.0,4154,Mineral Wool Manufacturing
443112,1.076752631194387,1.0712612769058327,0.5362399016464109,0.5335051200463574,2.0,1146,Unknown
424490,1.0754980200250555,1.0660539545316925,0.5356150853696209,0.5309117908481246,2.0,3783,Other Grocery and Related Products Merchant Wholesalers
311340,1.0749014650353468,1.0519649058545133,0.5353179915156191,0.5238952209711961,2.0,2897,Nonchocolate Confectionery Manufacturing
522299,1.3652194158030282,1.4341657439159432,0.5350736933435276,0.5058633129639825,2.723454414241039,41570,"International, Secondary Market, and All Other Nondepository Credit Intermediation"
3251,1.073613261399387,1.0504221020698354,0.5346764456572344,0.5231268801974776,2.0,4876,Unknown
333314,1.0719553598271978,1.0645228541740537,0.5337572278775152,0.5301301533407499,2.000490436488475,4078,Unknown
333413,1.071660924841621,1.066641515787354,0.5337041510619978,0.5312044056798133,2.0,2010,Industrial and Commercial Fan and Blower and Air Purification Equipment Manufacturing
516110,1.0991259016197603,1.0926819115595383,0.5328132411533328,0.540084934304839,2.070239619535394,5467,Radio Broadcasting Stations
333924,1.0686269521521334,1.0649953238797,0.5321931845043363,0.5303845759797714,2.0,230,"Industrial Truck, Tractor, Trailer, and Stacker Machinery Manufacturing"
456120,1.0680787710818875,1.050398526617273,0.5319201816300669,0.5231151392478879,2.0,4937,"Cosmetics, Beauty Supplies, and Perfume Retailers"
3252,1.0754982121123797,1.0655423336737584,0.5318749650555545,0.5291937953605194,2.0210167566032378,10563,Unknown
322219,1.0678309037670497,1.0511296646093236,0.5317967397728759,0.523479257573294,2.0,6195,Other Paperboard Container Manufacturing
3352,1.0938747600529721,1.0697303776201026,0.531735897732061,0.5293645980756074,2.070795795795796,13320,Unknown
3222,1.0674153003805293,1.0684113815729221,0.5315897626895097,0.5320858269341339,2.0,1169,Unknown
424720,1.067184240894992,1.0658254262179268,0.5314746913981011,0.5307979801204357,2.0,7026,Petroleum and Petroleum Products Merchant Wholesalers (except Bulk Stations and Terminals)
441310,1.0663808932781045,1.0446013854215908,0.5310746115333417,0.5202280709143239,2.0,1414,Unknown
457120,1.065114899203312,1.0532178342811835,0.530444126388951,0.5245191992154309,2.0,97,Other Gasoline Stations
621491,1.0647142210709157,1.051732136504867,0.5302445823190474,0.5237792981403208,2.0,2091,HMO Medical Centers
337121,1.0646387459596156,1.0478223136770184,0.5302069945156023,0.5218321443113724,2.0,1797,Upholstered Household Furniture Manufacturing
522390,1.064306931355725,1.065185191725515,0.5300417455759661,0.5304791331807625,2.0,66,Other Activities Related to Credit Intermediation
332215,1.0641763881385329,1.0476142771736336,0.52997673298169,0.5217285388305197,2.0,1417,"Metal Kitchen Cookware, Utensil, Cutlery, and Flatware (except Precious) Manufacturing"
623312,1.0625455780651938,1.067080883761608,0.5291645636792929,0.5314232179050865,2.0,726,Assisted Living Facilities for the Elderly
324199,1.0624475780523572,1.0542201849634667,0.5291157581173447,0.5250183857655359,2.0,1269,All Other Petroleum and Coal Products Manufacturing
54171,1.6492261810742905,1.6922911846483095,0.5287822935595445,0.5223720346325182,3.1999210110584517,12660,Unknown
315220,1.0617742091239308,1.0559366513669284,0.5287804097025924,0.5258732132799585,2.0,3159,Unknown
336310,1.0616162959712034,1.0514163914516894,0.5287017664459763,0.5236220520920121,2.0,2424,Motor Vehicle Gasoline Engine and Engine Parts Manufacturing
325,1.0616031168431146,1.0479568311759244,0.5286952030309955,0.5218991361610259,2.0,11291,Unknown
522210,1.3592837472100452,1.3007978045716655,0.5285374428138934,0.5252791282227283,2.6375552113807146,34866,Credit Card Issuing
322110,1.0610839596930883,1.059052000061299,0.5284366545296928,0.5274247063797342,2.0,1229,Pulp Mills
621910,1.0606436099907808,1.0467438375469293,0.5282173533882658,0.5212950460799192,2.0,737,Ambulance Services
336991,1.094794094107216,1.0927439978881948,0.5279190883922172,0.5347053278409484,2.09168840849795,5366,"Motorcycle, Bicycle, and Parts Manufacturing"
327390,1.0595409642296207,1.0473723069273078,0.5276682182968945,0.5216080338070521,2.0,1608,Other Concrete Product Manufacturing
334517,1.060670239636784,1.0525677385763976,0.5275357551111696,0.5240686704842875,2.0038297872340425,18800,Irradiation Apparatus Manufacturing
423420,1.058743405518168,1.0501953520046055,0.5272710213989289,0.5230139550657855,2.0,2652,Office Equipment Merchant Wholesalers
333912,1.0584542426426797,1.0438484172735567,0.5271270136970488,0.5198530808247275,2.0,1069,Air and Gas Compressor Manufacturing
33299,1.0584194186631757,1.061580085832218,0.5271096708024943,0.5286837332219974,2.0,1804,Unknown
523,1.0577583868494185,1.0506331670935973,0.5267804664666748,0.5232319939295493,2.0,2389,Unknown
333316,1.0575389939262223,1.0529438493869978,0.5266712053084956,0.5243827503891595,2.0,1106,Unknown
322220,1.057496002044213,1.0527335701939804,0.5266497946688441,0.524278028013272,2.0,5626,Paper Bag and Coated and Treated Paper Manufacturing
452990,1.107785631511652,1.1120064522548065,0.5260929504915138,0.5414653210961136,2.1345895020188426,7430,Unknown
3364,1.0556856402473638,1.0469802049115837,0.5257482057581117,0.5214127607793799,2.0,11602,Unknown
311920,1.0556070732007723,1.0487701981445388,0.5257090781218132,0.5223042058219827,2.0,4180,Coffee and Tea Manufacturing
452111,1.0996801274971124,1.0879689037419995,0.5255206046843858,0.5343360727015753,2.1106508875739647,6760,Unknown
335931,1.0545493242373956,1.0437953466875078,0.5251823023483856,0.519826650830485,2.0,48,Current-Carrying Wiring Device Manufacturing
424690,1.0545250493799991,1.0376405411956875,0.5251702130840868,0.5167614600002333,2.0,3875,Other Chemical and Allied Products Merchant Wholesalers
238,1.0900296497843307,1.0638303058985112,0.5246445239966862,0.5264320971951708,2.102773246329527,1226,Unknown
332994,1.29840149401236,1.2291805620843317,0.524550238222529,0.527014946197422,2.5528950805398347,6891,"Small Arms, Ordnance, and Ordnance Accessories Manufacturing"
336350,1.0659994940703532,1.0494936590934445,0.5242669872239271,0.5210690577312672,2.03288740245262,7176,Motor Vehicle Transmission and Power Train Parts Manufacturing
484230,1.0523980771013497,1.049749510561597,0.5241109471278547,0.5227919189503192,2.0,995,"Specialized Freight (except Used Goods) Trucking, Long-Distance"
335932,1.0522950567972642,1.0365138157924383,0.5240596413811772,0.516200332864885,2.0,1802,Noncurrent-Carrying Wiring Device Manufacturing
335921,1.0522641128101669,1.0416442306928424,0.5240442307844284,0.5187553609204434,2.0,4048,Fiber Optic Cable Manufacturing
332722,1.051400342164235,1.0445009875200633,0.5236140592921091,0.520178071165746,2.0,612,"Bolt, Nut, Screw, Rivet, and Washer Manufacturing"
4481,1.049522297227075,1.0380932635286668,0.5226787631031663,0.5169869229081256,2.0,700,Unknown
333318,1.0738089342635386,1.0619690874144019,0.5221304896209084,0.5264336802898278,2.0673649131159246,8402,Unknown
513120,1.0869859813492329,1.0645302634044276,0.5220250727186958,0.5256773232745582,2.106125300830681,25762,Periodical Publishers
449129,1.0481738532751772,1.0432904811414774,0.5220072166112489,0.5195752197748229,2.0,4696,All Other Home Furnishings Retailers
331221,1.0471710147471096,1.0337445818141062,0.5215077871061994,0.5148212103875808,2.0,402,Rolled Steel Shape Manufacturing
541710,1.0468185577052855,1.0481974121181774,0.5213322579048147,0.522018949289013,2.0,1078,Unknown
334418,1.0470031890316516,1.0404474344238481,0.5211694431555344,0.5181122362797033,2.0012459765341086,9631,Printed Circuit Assembly (Electronic Assembly) Manufacturing
561210,1.0464286182251352,1.0409920636874466,0.5211380618541844,0.5184305713998989,2.0,2328,Facilities Support Services
333319,1.0442559344524456,1.0297749420795235,0.5200560308483411,0.512844266789604,2.0,249,Unknown
541612,1.0431553813556111,1.0338305240625996,0.5195079379370207,0.5148640109914933,2.0,1008,Human Resources Consulting Services
311111,1.043068224594747,1.0288384131130712,0.5194645324866696,0.5123778604987717,2.0,748,Dog and Cat Food Manufacturing
541219,1.0416988299529826,1.0336197101620994,0.518782552218648,0.5147590223227916,2.0,759,Other Accounting Services
524292,1.0648715138200968,1.057372875096762,0.5184439718415585,0.5221717550140297,2.0649748413913804,18284,Pharmacy Benefit Management and Other Third Party Administration of Insurance and Pension Funds
531390,1.1739259210298438,1.126862023540051,0.5181981623584895,0.518114343265659,2.2986646122239343,15576,Other Activities Related to Real Estate
621111,1.0905341653510008,1.089756112991371,0.517889181623167,0.5382209353347279,2.1366120218579234,3660,Offices of Physicians (except Mental Health Specialists)
337910,1.1730128017184402,1.1346563030823824,0.5177300506059953,0.5239956085370197,2.3307974581580595,22346,Mattress Manufacturing
336611,1.0383735539801837,1.038379075220904,0.5171265120020359,0.5171292616675534,2.0,84,Ship Building and Repairing
211130,1.0818126142376034,1.0784765441405841,0.5157679296184752,0.529342346212581,2.1187648456057007,2526,Natural Gas Extraction
561311,1.081726253667923,1.070891833172087,0.5155207073780954,0.5258507640423349,2.121922853266137,10318,Employment Placement Agencies
325110,1.0341852091276107,1.0225572080011256,0.5150406497837902,0.509249720651354,2.0,402,Petrochemical Manufacturing
484122,1.4857174631338794,1.4555736512979562,0.5141527575866057,0.5092166258476769,2.961593692070703,38301,"General Freight Trucking, Long-Distance, Less Than Truckload"
311941,1.0323020961601816,1.0286837447389134,0.5141028296353286,0.5123008331933873,2.0,515,"Mayonnaise, Dressing, and Other Prepared Sauce Manufacturing"
517311,1.113943255760984,1.1015051446407957,0.5139831018133298,0.5292254583366472,2.2071069086472472,13114,Unknown
722515,1.0504642170967102,1.0424358511483776,0.5123862685455596,0.515803622000881,2.058839261834715,3739,Snack and Nonalcoholic Beverage Bars
621498,1.0660679939800892,1.0584111892544597,0.5119382306683675,0.5226182626436807,2.1035595337218984,9608,All Other Outpatient Care Centers
492110,1.077385883093821,1.068893669217171,0.5118743446447835,0.5226201073434682,2.129812834224599,7480,Couriers and Express Delivery Services
423860,1.0772497557766727,1.0640188180466184,0.5106868562433026,0.5227620320337465,2.1375036884036587,10167,Transportation Equipment and Supplies (except Motor Vehicle) Merchant Wholesalers
233210,1.025335260241389,1.0262012198018335,0.5106332347630727,0.5110644963695641,2.0,170,Unknown
325612,1.070389854675643,1.0564306316505538,0.5105322408480603,0.5187047758063393,2.1191841937539833,15690,Polish and Other Sanitation Good Manufacturing
541714,1.0761414321447504,1.0558969384687926,0.508987108761257,0.5194268496637239,2.1462074019787467,16374,Research and Development in Biotechnology (except Nanobiotechnology)
326113,1.0874861379569465,1.0654391823078058,0.5072248159985463,0.518510639192532,2.1849616586197103,14084,Unlaminated Plastics Film and Sheet (except Packaging) Manufacturing
623311,1.0835424382564127,1.0700184817977667,0.5070180252288272,0.5185178447679206,2.1694307944307942,9768,Continuing Care Retirement Communities
333611,1.0172059480110434,1.0165467330358167,0.5065847082356585,0.5062564087142659,2.0,85,Turbine and Turbine Generator Set Units Manufacturing
238210,1.0990686738671007,1.0808476579025053,0.5064569430816932,0.5231601674142361,2.21478185370089,18428,Electrical Contractors and Other Wiring Installation Contractors
524298,1.0674739676338891,1.0584303840241096,0.506456901110659,0.5199708989097118,2.1359911550468262,15376,All Other Insurance Related Activities
321999,1.0154948556548762,1.0144905442130565,0.5057325570820911,0.5052323940426136,2.0,69,All Other Miscellaneous Wood Product Manufacturing
212390,1.0732180458174514,1.0515630120150623,0.5049230253552592,0.5157456225592444,2.153752039151713,2452,Other Nonmetallic Mineral Mining and Quarrying
311612,1.0571511487706566,1.0500241213687829,0.5035921456915348,0.5184209548894014,2.1253218884120173,2330,Meat Processed from Carcasses
336412,1.0973366718025594,1.0816061709539346,0.5030936982459304,0.5231365304926561,2.231967356967357,22792,Aircraft Engine and Engine Parts Manufacturing
523930,1.2001704801880304,1.1987750447021233,0.5029675622040021,0.5341388308432347,2.52401081205429,34776,Unknown
722211,1.0085240218015408,1.0080737086759912,0.5022609711749736,0.5020367080906225,2.0,5,Unknown
332216,1.0630294906548494,1.0530960574489492,0.5014734157261271,0.5167893482961223,2.151806526806527,17160,Saw Blade and Handtool Manufacturing
311,1.0791036853238938,1.0720637674160223,0.5011635721564908,0.521536205957362,2.209754433833561,38116,Unknown
459110,1.212300774729813,1.188890414107709,0.501102847818058,0.511154157706378,2.503917525773196,21825,Sporting Goods Retailers
331492,1.05397512730025,1.049566932966933,0.49912896320270517,0.5145748748395473,2.1455812999794954,4877,"Secondary Smelting, Refining, and Alloying of Nonferrous Metal (except Copper and Aluminum)"
311812,1.0799152579576101,1.068408574700797,0.49820447654435474,0.5185794534751544,2.2095368249981533,27074,Commercial Bakeries
561990,1.050460029038728,1.047320192643837,0.49778607802935937,0.5180806833296885,2.1479807112718503,19908,All Other Support Services
561110,1.0604510455141458,1.0609117717499503,0.4976825010177948,0.518979404511031,2.1817236448719615,15386,Office Administrative Services
334290,1.087318541721931,1.0741451501879031,0.4974974479715482,0.5204733068286799,2.244928676495741,29233,Other Communications Equipment Manufacturing
488510,1.1214211957648546,1.0970038448220931,0.49585632474855745,0.5192165357115976,2.3360880146015006,39448,Freight Transportation Arrangement
332431,1.2538567464722075,1.2323044236990124,0.4956951808216336,0.5008098401065466,2.5988403696321796,33114,Metal Can Manufacturing
334310,1.0994101379668684,1.0918236713019795,0.4949968608266491,0.5220731468287764,2.311237901171676,49075,Audio and Video Equipment Manufacturing
5418,1.073220003506515,1.0541734980273587,0.49373544474504033,0.5156492903082783,2.213064603203167,11114,Unknown
333298,1.0664483365570785,1.0672236435918552,0.4924377947337163,0.5195294909997967,2.2143222506393863,3910,Unknown
325611,1.1243945629987533,1.1023273068779935,0.49194739423038036,0.5146171083541435,2.3443933054393304,23900,Soap and Other Detergent Manufacturing
5311,1.1744420500133568,1.1568857013248746,0.48914558735014635,0.5258828680845279,2.52713236116809,26813,Unknown
311999,1.089361185105866,1.084301141243649,0.48885317592607413,0.5144346406291925,2.309390225896944,13546,All Other Miscellaneous Food Manufacturing
448140,1.0943331529820133,1.079655730981221,0.48799404635426136,0.5149834824532208,2.3164688072663533,12551,Unknown
311511,1.0854636402554017,1.067346278081805,0.4862631664924734,0.5160188682793413,2.287638496632631,4603,Fluid Milk Manufacturing
448310,1.094754451314942,1.0779915119517334,0.4851655510505296,0.5165457342953766,2.35261174500157,19106,Unknown
512131,1.3347785288681295,1.28335569757623,0.4832939391681346,0.4448379068298808,2.9666097109497365,42138,Motion Picture Theaters (except Drive-Ins)
441120,1.083651369280451,1.0739896425111244,0.483183719726601,0.5144899634121072,2.316502316739931,16834,Used Car Dealers
339114,1.1345194690129827,1.0841526355614408,0.48279917131744804,0.5095981194730357,2.4170012991614502,33868,Dental Equipment and Supplies Manufacturing
323111,1.0968814145754144,1.0589664685140292,0.48250383806749647,0.5107173733151321,2.3195496860792377,9238,Commercial Printing (except Screen and Books)
623110,1.1884457221529248,1.1370755483712807,0.4792783930958664,0.5181062828710757,2.6634206319931146,40665,Nursing Care Facilities (Skilled Nursing Facilities)
713290,1.1527707254646584,1.1344459518490955,0.4786236573856584,0.5089756190363892,2.4912659046797496,18548,Other Gambling Industries
562211,1.154665299375242,1.124819310052353,0.4780291744140442,0.5119302302440208,2.51261769213926,36536,Hazardous Waste Treatment and Disposal
339115,1.1016581838151271,1.0886505366486046,0.4775795664469037,0.5191637784593184,2.3711516533637402,14032,Ophthalmic Goods Manufacturing
332321,1.0883855105717584,1.0722260910124437,0.4765166283573768,0.5103562654297717,2.3562288403052736,17427,Metal Window and Door Manufacturing
611310,1.604102876887586,1.5829767268958292,0.4763042329572093,0.42920324051061454,3.598314397605611,67157,"Colleges, Universities, and Professional Schools"
424210,1.6693236127920597,1.6626459944813659,0.4761218086103421,0.4403892432564598,3.6781729428172945,71700,Drugs and Druggists' Sundries Merchant Wholesalers
561450,1.2887677296838669,1.1095944221109386,0.474815318523564,0.5097856518549881,2.854426133877789,34285,Credit Bureaus
541511,1.0730751888786312,1.0513195094026702,0.47448984094827296,0.5134058408632297,2.3445958558894904,10714,Custom Computer Programming Services
541711,1.292329079556764,1.266261646964821,0.4731224878309828,0.4507129383358223,2.875072632190587,22373,Unknown
515210,1.079750238833927,1.0552616631498997,0.4728936246672357,0.5079795606741928,2.345682675596626,47182,Unknown
423690,1.4343960176935968,1.4978085846383273,0.4720537158648234,0.4775920358445157,3.1773374079004104,53339,Other Electronic Parts and Equipment Merchant Wholesalers
322121,1.1392829380922425,1.1183463215443306,0.46833561456669603,0.510737129328722,2.54195960499045,49214,Unknown
331420,1.090378597196416,1.0770913122043209,0.46749854392128226,0.5096485899182812,2.418128898128898,24050,"Copper Rolling, Drawing, Extruding, and Alloying"
335910,1.0957248463518348,1.0807324541781234,0.4666600273823492,0.519305989214967,2.5417710246563145,17967,Battery Manufacturing
522298,1.101582854869462,1.0910048449901673,0.4665741265836255,0.5050130410526614,2.432459998725059,15687,Unknown
622110,1.9553710322067819,1.8681316459144273,0.46259585083719934,0.42348443457060214,4.440690376569037,95600,General Medical and Surgical Hospitals
454111,1.0796220097083356,1.0664285740080264,0.461638309669961,0.5080023575626338,2.441978140601808,14822,Unknown
333120,1.1492161656587232,1.1404267058860547,0.46083925170227585,0.45419215767020304,2.596092644978784,33936,Construction Machinery Manufacturing
332912,1.104575121931033,1.0941951862127668,0.45972884050531837,0.5061938827309609,2.507481248299716,25731,Fluid Power Valve and Hose Fitting Manufacturing
541614,1.0626582050582454,1.0503841633974036,0.45902757323307775,0.5041513988475862,2.3835996302654165,30292,"Process, Physical Distribution, and Logistics Consulting Services"
423450,1.368709415483115,1.344344895395042,0.45841685383247344,0.4259013313075474,3.166231531478075,33706,"Medical, Dental, and Hospital Equipment and Supplies Merchant Wholesalers"
5415,1.0735433661325129,1.0645345688826557,0.4579823905245766,0.5045423882887459,2.420326223337516,9564,Unknown
332510,1.079891256190095,1.073458094218149,0.45466103392378554,0.5052362118697421,2.471413643827437,20097,Hardware Manufacturing
237120,1.097888724654544,1.0967654714668569,0.45450244671724577,0.5029796154988804,2.518951470067304,22584,Oil and Gas Pipeline and Related Structures Construction
325130,1.231135275302062,1.1897439919273818,0.4532922464075947,0.5020179049821811,2.985974442317111,22459,Synthetic Dye and Pigment Manufacturing
532412,1.1984863753876238,1.1318723777460369,0.4512862631148431,0.4637693127038872,2.80058822487199,56441,"Construction, Mining, and Forestry Machinery and Equipment Rental and Leasing"
237210,1.1464849490396363,1.125332816024838,0.45115172111444796,0.5068391433903003,2.7294240929135922,22903,Land Subdivision
334416,1.102324804632522,1.0870493246459878,0.44653493979857206,0.4390514507627843,2.5738398203592814,26720,"Capacitor, Resistor, Coil, Transformer, and Other Inductor Manufacturing"
541380,1.0562438847296098,1.0510347909357853,0.44644055944404437,0.5024042235275823,2.4462596732588135,4652,Testing Laboratories and Services
333295,1.1586084077357732,1.1452815579889994,0.4444726836828007,0.4210747856527149,2.8792523916817494,27073,Unknown
54151,1.168946692541767,1.133063171266264,0.44379723817404426,0.44044854401664624,2.770079117717574,12513,Unknown
511110,1.3895998570786103,1.373267342936182,0.4408754461708762,0.41735080410782616,3.2607523984046565,18554,Unknown
446110,1.141844299723733,1.109300422121544,0.44086540011235104,0.5032475672022646,2.78304738198951,44996,Unknown
336510,1.3956969085061741,1.3753890635660224,0.43928040749903097,0.42111960627846967,3.3247114652293632,34138,Railroad Rolling Stock Manufacturing
333999,1.0916525227080613,1.0918254137173813,0.4367501215062363,0.391097066231364,2.6222453841572366,26864,Unknown
449210,1.0995854542809045,1.0999317644061586,0.43527167742982265,0.38615349787163566,2.602721088435374,17640,Electronics and Appliance Retailers
331111,1.0849535238352697,1.0876104037932166,0.4349026842601308,0.5016798669097708,2.6826086956521737,16100,Unknown
517212,1.247187222725516,1.2529596429220615,0.4326370344988917,0.4145875568405049,3.308748224966651,23239,Unknown
312120,1.1563074939846512,1.148513755761261,0.43251175058392666,0.40207201315197194,2.7769315978953197,28888,Breweries
333618,1.106590831939246,1.0976786255353748,0.4321095596069907,0.3890149154988058,2.6833102033427862,33146,Other Engine Equipment Manufacturing
517112,1.583437086696269,1.6187780711871924,0.4278456900603283,0.39525668968787114,4.109825987287694,28791,Wireless Telecommunications Carriers (except Satellite)
713210,1.131562346835061,1.0992984719296721,0.4276884724197339,0.40117708007623437,2.8264243709630774,62238,Casinos (except Casino Hotels)
336411,1.2164903090384445,1.1969679010550183,0.4270929289839759,0.40504220905091465,2.929673640167364,29875,Aircraft Manufacturing
483111,1.8953544074067412,1.44370063198847,0.42574402169759007,0.41803592385136806,4.753783917118895,101350,Deep Sea Freight Transportation
541910,1.1444500449240143,1.1322672043185813,0.42534499050077595,0.396865318650367,2.8268217907397215,63605,Marketing Research and Public Opinion Polling
514191,1.1532468849291748,1.1364233798065781,0.4242197081593358,0.40404680372951507,2.776279254264181,5042,Unknown
336211,1.1756885162812212,1.1630827774763381,0.42385171745012107,0.4042700122079197,2.9657779932137665,20630,Motor Vehicle Body Manufacturing
449110,1.1338005591232325,1.1049070017083173,0.4220503154872341,0.38607555864546816,2.833312517173332,40033,Furniture Retailers
455110,1.2704876196329469,1.1874084465931363,0.41993545326900883,0.39579816390302774,3.1572031010393595,46952,Department Stores
32311,1.167767216237264,1.1622630330664923,0.41691302651633655,0.3925781347007833,2.923538622129436,11496,Unknown
458210,1.2670607644209362,1.1762535083703463,0.4159697574416862,0.3859276534507823,3.2324058425881215,33136,Shoe Retailers
441110,2.175387602166269,2.238333443069116,0.41451759407306427,0.411418657370158,5.238417248560578,40815,New Car Dealers
999977,1.1375157234004596,1.1284274267926904,0.41134760742758814,0.38330576323544685,2.873047213273754,28869,Unknown
531210,1.4716410296772937,1.4408490465262174,0.41034478596503904,0.40646322920002204,3.733977543720191,40256,Offices of Real Estate Agents and Brokers
339999,1.161328677653286,1.1387549397792602,0.409908873904209,0.3876003019519372,3.245038524398786,42830,All Other Miscellaneous Manufacturing
312230,1.3606966308140913,1.3486190923719041,0.40661187261599624,0.388455260314056,3.4658508900639515,36121,Tobacco Manufacturing
523210,1.4678944157582379,1.4697524994045346,0.4036518988188435,0.3905057520010188,3.720223721590909,56320,Securities and Commodity Exchanges
325510,1.2265273614062462,1.1942707983027159,0.40271200031914656,0.38161939771692105,3.1591352859135284,35850,Paint and Coating Manufacturing
486210,1.3960320346565627,1.3246202669633171,0.4023069450446982,0.38771546933414,3.7085760757060475,67630,Pipeline Transportation of Natural Gas
332991,1.1252055637367506,1.1158370821201085,0.40125208453890165,0.37533348892285573,2.931142907613496,28305,Ball and Roller Bearing Manufacturing
517111,1.1662856968521678,1.1025977336124977,0.40033818512937,0.4574223360615928,3.5101458885941645,30160,Wired Telecommunications Carriers
335312,1.194147502732545,1.1755079464752574,0.39974584139456454,0.38631879330066865,3.1839922458946113,53649,Motor and Generator Manufacturing
339920,1.235195912943076,1.1786658895413185,0.39956386110070347,0.3764250516109412,3.281198347107438,38720,Sporting and Athletic Goods Manufacturing
322130,1.1920842202775397,1.1783380912556147,0.3995256274369431,0.38473773418093965,3.220021513422505,42764,Paperboard Mills
561499,1.1455415389122936,1.1232746185229945,0.39908813808367777,0.3725689368983014,3.135587329957303,120852,All Other Business Support Services
999990,1.116734241595146,1.1086535654086034,0.39586866382856023,0.37083941209671845,3.02221938449751,62648,Unknown
316210,1.1418559634310776,1.1296107457028837,0.3953864651188025,0.3758407820200902,3.0089125416773532,46788,Footwear Manufacturing
335999,1.1688464596939157,1.1478184547025476,0.3901878095827889,0.3775667497228701,3.304208570879508,93666,All Other Miscellaneous Electrical Equipment and Component Manufacturing
525990,3.3570065204768174,2.4755819756497717,0.38985195726532235,0.3829177778907693,9.31622200542925,282912,Other Financial Vehicles
516120,1.4273758763161468,1.4504556780593778,0.3889409111363833,0.36649877211818266,3.9634684223983636,31288,Television Broadcasting Stations
621511,1.1844697680795746,1.142772319058949,0.386464454985912,0.3788293223691121,3.4562493155399805,127838,Medical Laboratories
482111,1.5094501101401825,1.488267566563239,0.38400148476194323,0.34247679926339336,4.1511536162582185,41825,Line-Haul Railroads
33441,1.1415675486582912,1.129314863556538,0.38088416123762187,0.36963138414606206,3.09315728806455,28629,Unknown
336120,1.1754068533814859,1.1632042919283658,0.3800261576313523,0.37252089282864675,3.1998201596631284,45596,Heavy Duty Truck Manufacturing
532411,1.3712256380001422,1.3840264165610223,0.3798444006509885,0.34879199263875865,3.9478749710910677,56211,"Commercial Air, Rail, and Water Transportation Equipment Rental and Leasing"
522220,1.1911236146381101,1.1833069962421874,0.3794866414493757,0.3708562718599216,3.3769013206244574,89806,Sales Financing
522292,1.3773325833305212,1.2826651156352211,0.37836460895952756,0.35582039453707975,3.895269035532995,98500,Real Estate Credit
517410,1.1916921782628487,1.1888828774802749,0.3773175675136056,0.3606696050550039,3.3940951627784366,60696,Satellite Telecommunications
621610,1.583814351035073,1.5962820747989588,0.37455805718605834,0.34858571593150756,4.377155032414805,76971,Home Health Care Services
213111,1.3566405828931094,1.269618000616704,0.3717910084510031,0.37879300363835394,3.99778101331392,142858,Drilling Oil and Gas Wells
325411,1.1378478435366364,1.1252160925664398,0.36980489022865515,0.354105434817761,3.299806672284737,40346,Medicinal and Botanical Manufacturing
221310,2.523546918382913,2.488444889209276,0.3613888785604286,0.33485425528713714,7.5792644791896056,113525,Water Supply and Irrigation Systems
541519,1.196795743545458,1.1864792922711058,0.360390292303049,0.36167542075543735,3.7580531223509466,141560,Other Computer Related Services
524210,1.6993584547225133,1.5885600389229473,0.3586875965021349,0.36395604451234115,4.884351464435146,101575,Insurance Agencies and Brokerages
621999,1.1535121671284556,1.1338846760654109,0.3584168903961752,0.35193214870650796,3.64262165596346,116476,All Other Miscellaneous Ambulatory Health Care Services
516210,1.2582630018286491,1.1423349148380668,0.3576504314215298,0.3415158414017672,3.999784876841992,55782,"Media Streaming Distribution Services, Social Networks, and Other Media Networks and Content Providers"
333248,1.1368821668199873,1.1304907419220949,0.3513453738844903,0.33438719735390676,3.474589182718468,45945,All Other Industrial Machinery Manufacturing
423510,1.2059198505758424,1.1967091932313434,0.3511330494962159,0.33828394122479305,3.624319676277188,49425,Metal Service Centers and Other Metal Merchant Wholesalers
334119,1.144183694318814,1.1368065344057896,0.34562971234365847,0.2973668165389108,3.860447981137636,54288,Unknown
523910,1.586971200207958,1.217002921709143,0.33872064703919297,0.32510002224528844,5.743881893182805,57575,Miscellaneous Intermediation
448120,1.1869857632567886,1.1886644173104048,0.3350614337318248,0.2681995611124255,4.218527560066812,38915,Unknown
326199,1.1516076097628902,1.1427959633267342,0.333191961827336,0.2920639462683992,3.713630055270142,82142,All Other Plastics Product Manufacturing
324110,2.4827763182649933,2.370176200837552,0.3326083640929445,0.3370878313903522,7.510333054393305,149375,Petroleum Refineries
334112,1.211230849897969,1.205837260531788,0.3320928989382243,0.332228987159938,3.9088054735460895,149373,Computer Storage Device Manufacturing
523150,1.4851174324640783,1.3797272324687306,0.3312196108341195,0.28886115546744595,5.072388920238475,81518,Investment Banking and Securities Intermediation
721110,1.7083572820420754,1.6885790546715698,0.3230971834586786,0.30462774726291614,5.4468415523515175,131362,Hotels (except Casino Hotels) and Motels
523999,1.2337870858694377,1.1821967819304846,0.32056084857724215,0.3001560659279382,4.074080598987007,113525,Miscellaneous Financial Investment Activities
524130,1.6265336214738213,1.5944276047121688,0.31880300931247785,0.27838415028511765,6.1072212134967465,105744,Reinsurance Carriers
423830,1.1943898369936918,1.182996248311358,0.317485933727684,0.30344940830918943,3.840430364614465,41825,Industrial Machinery and Equipment Merchant Wholesalers
325211,1.3719739527730674,1.2838418798512925,0.3168415639902693,0.28443118605062456,4.720058530722096,76541,Plastics Material and Resin Manufacturing
336320,1.2173596958505022,1.2041616733756488,0.31669929615738557,0.2957892321246738,4.045843104622135,39657,Motor Vehicle Electrical and Electronic Equipment Manufacturing
515120,1.2246468215044004,1.1935098984209491,0.3156767771132713,0.2896841310863444,4.1760699850506615,72244,Unknown
312111,1.2279992128045931,1.2059916026778457,0.3152202790762906,0.3019132281579771,4.053090014883841,77265,Soft Drink Manufacturing
325199,1.1941084608047479,1.1837965154013887,0.3148856384486382,0.29624499652699154,3.9992093664838677,59446,All Other Basic Organic Chemical Manufacturing
523920,1.1970826336494367,1.194508461664581,0.3144452748583185,0.29802579001781976,4.4235719654265315,85152,Unknown
333310,1.1826599040663675,1.1709652950601368,0.31218560281467234,0.29297232820827507,4.0955262310910845,77675,Commercial and Service Industry Machinery Manufacturing
333415,1.2307255276172284,1.1740954692280559,0.3095085148730731,0.2895152472613173,4.203110223810024,95170,Air-Conditioning and Warm Air Heating Equipment and Commercial and Industrial Refrigeration Equipment Manufacturing
541330,1.1990197058143017,1.1875669524976629,0.30749874408822064,0.28744570282682486,4.169005439298934,105896,Engineering Services
721120,1.7059925686589374,1.6841968506532592,0.306448655343394,0.29886197962981914,5.860824742268041,95060,Casino Hotels
484121,1.9576647361807946,1.9181219709391288,0.30560804984380024,0.30066467270272995,6.4483570432357045,89625,"General Freight Trucking, Long-Distance, Truckload"
334419,1.190665757371037,1.182767558676389,0.30431882794244847,0.2574855253640881,4.318906730440724,73175,Other Electronic Component Manufacturing
523120,1.3992372630792695,1.406377018179916,0.29526651993085024,0.27132183041928437,5.297000899201298,113434,Unknown
333111,1.3508431082515582,1.3503632535146723,0.2949951790665175,0.2895322730233799,4.712464432208714,54122,Farm Machinery and Equipment Manufacturing
522291,1.4613697489884396,1.2900689036695083,0.29441752869014676,0.25504692706305493,5.957756496558031,157468,Consumer Lending
334513,1.2600529549793014,1.2212718510106575,0.29047109854183106,0.2877166513809526,4.42965690376569,59750,"Instruments and Related Products Manufacturing for Measuring, Displaying, and Controlling Industrial Process Variables"
333914,1.2575022678029328,1.2298252391915627,0.28760462792983066,0.28090368620076245,4.7373012552301255,47800,"Measuring, Dispensing, and Other Pumping Equipment Manufacturing"
518111,1.1948012157974945,1.2208252438359042,0.2843820463184143,0.24816961909793356,4.775109443402126,31980,Unknown
522180,2.4485101955083155,2.1817449237216278,0.28411290923716565,0.2673622439148353,9.945240701754386,178125,Savings Institutions and Other Depository Credit Intermediation
333242,1.2735093633881271,1.2672835588852343,0.2825076495693813,0.26589138358265635,4.7735088799917875,77928,Semiconductor Machinery Manufacturing
517919,1.198065335353028,1.2069930603856147,0.279425045268943,0.24157268063595458,5.250114731528224,87160,Unknown
333132,1.27742246097982,1.2708967854592899,0.27937552383406133,0.24843776449001032,5.091152217517272,148071,Oil and Gas Field Machinery and Equipment Manufacturing
481111,1.8935440305036386,1.92371561255479,0.2676406566277044,0.2543456368606029,7.588756181057437,131450,Scheduled Passenger Air Transportation
722110,1.2267335182902954,1.2402381302329677,0.26748409857849637,0.20337437408769904,5.49914356220061,34445,Unknown
334412,1.488875218353655,1.4485232939988968,0.2654077686431195,0.2583779067235999,5.758351496819537,89924,Bare Printed Circuit Board Manufacturing
325998,1.207132891651094,1.204370958559237,0.26524025879256785,0.24279930881098583,4.934767136693208,89924,All Other Miscellaneous Chemical Product and Preparation Manufacturing
517110,1.3824871989488225,1.266304548977746,0.26374017064995947,0.24328479912991197,5.836450527229091,142917,Unknown
423430,1.52506874772325,1.511898816456688,0.2625871547818381,0.2559020338329341,6.03649930264993,71700,Computer and Computer Peripheral Equipment and Software Merchant Wholesalers
211120,1.4122087573054498,1.3513136049949033,0.262153953191717,0.23393750073688105,6.4805737149353915,182948,Crude Petroleum Extraction
561320,1.7170559780320496,1.6802742413854443,0.25974486400102886,0.2517331084614318,6.830020920502092,95600,Temporary Help Services
325620,1.2444659410402945,1.234016500538255,0.25615212733608783,0.23863353213998464,5.065328691378251,107426,Toilet Preparation Manufacturing
334511,1.408204740994881,1.3828023706030086,0.25334945270474696,0.22682789443230286,6.031506276150628,119500,"Search, Detection, Navigation, Guidance, Aeronautical, and Nautical System and Instrument Manufacturing"
336413,1.337102508575888,1.3192605462622495,0.24307473683575354,0.23038715738392515,5.776993884776312,77675,Other Aircraft Parts and Auxiliary Equipment Manufacturing
334515,1.274471088982536,1.2635036529616983,0.24231987204768052,0.2489128442551556,5.649799105450686,131910,Instrument Manufacturing for Measuring and Testing Electricity and Electrical Signals
325180,1.2851901051255594,1.26505310522115,0.23984214816310334,0.22650017971781763,5.690899581589958,95600,Other Basic Inorganic Chemical Manufacturing
531190,1.6203536069324689,1.4404358172792708,0.23754577838169458,0.20895060647079655,8.213849208792562,129928,Lessors of Other Real Estate Property
445110,1.6500849178078916,1.6111478071384688,0.2335614298013308,0.21797401620519524,7.367279980343128,138374,Supermarkets and Other Grocery Retailers (except Convenience Retailers)
331110,1.6318055924433603,1.6261818000106214,0.22798309467924419,0.2179929875753984,7.345683939491471,77675,Iron and Steel Mills and Ferroalloy Manufacturing
334519,1.3014288647521992,1.2861491459212178,0.22564112666840058,0.20547889459307772,6.310040774719674,117720,Other Measuring and Controlling Device Manufacturing
541611,1.3437024773158204,1.3745942684549655,0.2228254507172669,0.2075234850194312,6.420384275618375,90560,Administrative Management and General Management Consulting Services
522120,2.473106191154012,2.2151922474872117,0.2200056883576634,0.2140202042188108,14.899739929382285,632136,Unknown
334516,2.6497361788432454,2.569905666784088,0.21422345614165594,0.19447296541642684,13.33978445543299,197175,Analytical Laboratory Instrument Manufacturing
213112,1.6317288487968111,1.5257184396461945,0.2137723161754658,0.19181666116524684,8.382844012847283,238494,Support Activities for Oil and Gas Operations
336390,1.4127560584029077,1.38508442789967,0.21283006014735226,0.20606267133373676,7.08187623871394,113525,Other Motor Vehicle Parts Manufacturing
455219,1.4592665591127676,1.4304914183906774,0.21211327202795247,0.19285098490096694,7.3629267543635155,78148,All Other General Merchandise Retailers
533110,1.289424687277208,1.3158607626838905,0.2001114257120143,0.15921508975707255,7.5872803347280335,119500,Lessors of Nonfinancial Intangible Assets (except Copyrighted Works)
522320,1.7125251237701284,1.684219640203394,0.19261782952046522,0.19044256938952805,9.358716875871687,215100,"Financial Transactions Processing, Reserve, and Clearinghouse Activities"
722511,2.005141576779451,1.735122917883972,0.19252379822902455,0.18131957246289934,11.989518652580363,203886,Full-Service Restaurants
315,1.4905544012131935,1.4427642598757884,0.19216409580613356,0.15705177086995395,8.951599815785434,136797,Unknown
334220,1.3111395373532837,1.3046807424496016,0.19141606449149448,0.18875227989559126,7.109311525294789,262900,Radio and Television Broadcasting and Wireless Communications Equipment Manufacturing
334118,1.30825166618069,1.3030519820390383,0.19105456676102922,0.16996668785962218,7.439156485355649,149375,Computer Terminal and Other Computer Peripheral Equipment Manufacturing
524113,1.9299257822784113,1.8785967110246486,0.18683352767949632,0.17619715213789713,10.683878661087865,239000,Direct Life Insurance Carriers
519290,1.7077834676888313,1.3859030815224471,0.1864454737687903,0.18589467017908445,14.457579217490588,353836,Web Search Portals and All Other Information Services
722513,1.515982549830016,1.5170649554200073,0.1834382007493392,0.17937775067462394,8.611436541143654,107550,Limited-Service Restaurants
519130,1.5979300867771542,1.5937761868880895,0.17773490351904828,0.11769362664589769,14.880208595992821,535389,Unknown
531110,3.531646867726785,3.6736587754389243,0.17002728855490404,0.16612126423816764,20.598683192547565,316675,Lessors of Residential Buildings and Dwellings
334210,1.48231365003164,1.4578864628648283,0.16811694037386424,0.1600684666298159,9.093651082408586,274850,Telephone Apparatus Manufacturing
211111,1.6211368399250605,1.514322046402601,0.16521919093825624,0.12755535206127225,12.73856964165704,418119,Unknown
524114,1.8806272502888912,1.85251406532688,0.1622359616636794,0.16192190201063078,11.646401673640167,191200,Direct Health and Medical Insurance Carriers
458110,1.9014064814125666,1.755354519519007,0.1609099637732045,0.1551260919687742,11.806353666273905,132396,Clothing and Clothing Accessories Retailers
2111,2.6866851496628557,2.4624909607224783,0.15944560533026159,0.14093383148053587,16.942638772663877,268875,Unknown
325413,1.4957865962879227,1.4483341304659327,0.15936399456287792,0.16033872921203984,9.790718904526436,262900,In-Vitro Diagnostic Substance Manufacturing
236117,1.9321497668927208,1.8739444845163074,0.1573932045233438,0.1527129852138064,12.773338574610776,167898,New Housing For-Sale Builders
523940,2.071910906051195,1.9104872917884874,0.1397344476851078,0.1240713368331385,16.188753138075313,239000,Portfolio Management and Investment Advice
339113,1.5624808645402168,1.4712880305884877,0.13603380742032475,0.1327376617744317,11.69454457676215,310700,Surgical Appliance and Supplies Manufacturing
221210,2.126685320276291,2.0704605703461283,0.13357926625638103,0.12989495096024284,15.914644351464435,227050,Natural Gas Distribution
2211,2.3928436038210985,2.151938139913889,0.13109673897604696,0.12305622817493653,18.102741219728667,197175,Unknown
22111,2.437553131018474,2.357835191247049,0.1169310188733104,0.11619961356037439,21.115329376277124,256925,Unknown
513210,1.8547582306747432,1.6196326823933396,0.10598044247390619,0.0972588131684349,21.050869106906603,371876,Software Publishers
525930,2.1931490488205565,2.1179666335596816,0.10506276145006294,0.08100756796399004,25.97718095973489,124326,Unknown
541512,1.9967252555639947,1.935607628519321,0.1048509828877761,0.09265096812712321,19.7860820083682,597500,Computer Systems Design Services
339112,1.7315526119669,1.6801380983688197,0.10182787934091649,0.09571436708370526,17.302775649714185,424225,Surgical and Medical Instrument Manufacturing
511210,2.0740205298478664,2.101439487889985,0.09556853915064223,0.0653776112166328,31.59764639669752,1570698,Unknown
531120,5.644092183366971,4.174737832096864,0.09154509099985866,0.08850729170944664,60.748815428523926,902225,Lessors of Nonresidential Buildings (except Miniwarehouses)
334510,1.8426304733551637,1.7895657902904927,0.0833396905107197,0.08149734961337035,22.286886063727067,621400,Electromedical and Electrotherapeutic Apparatus Manufacturing
522110,14.244652057538717,11.597848615414579,0.0813507115983609,0.07915389832487338,171.33509194597895,3357950,Commercial Banking
518210,2.4886890566720017,1.9100804009892365,0.07719838603376668,0.07146473372487963,40.21182761567183,1247538,"Computing Infrastructure Providers, Data Processing, Web Hosting, and Related Services"
524126,3.2921640378504238,3.0434120022974884,0.0725846718581226,0.06722783396152628,45.76172384937239,717000,Direct Property and Casualty Insurance Carriers
334413,2.898487426255865,2.848094438949819,0.06604683737499986,0.06259750538331572,45.323643325787835,956862,Semiconductor and Related Device Manufacturing
325414,2.694309629320352,2.029533152974645,0.05999554034103587,0.06337365885825094,54.6889972133398,3041275,Biological Product (except Diagnostic) Manufacturing
325412,2.246063002726984,2.1835042235327116,0.055102080508601284,0.05272284966535396,41.2483236135119,1547525,Pharmaceutical Preparation Manufacturing
